<toc version="1.0">

<tocitem target="../userhelp/help_user_roadmap.html">User Functions

<tocitem target="../userhelp/help_gui.html">GUI Functions
    <tocitem target="../userhelp/dispdlg.html">dispdlg</tocitem>
    <tocitem target="../userhelp/inputdlg2.html">inputdlg2</tocitem>
    <tocitem target="../userhelp/listdlg2.html">listdlg2</tocitem>
    <tocitem target="../userhelp/selectdlg.html">selectdlg</tocitem>
    <tocitem target="../userhelp/selectdlg2.html">selectdlg2</tocitem>
    <tocitem target="../userhelp/selectdlg3.html">selectdlg3</tocitem>
</tocitem>

</tocitem>
</toc>
